milliseconds,v
0,1.0
100,4.283516066467547
200,7.56703213293509
300,10.850548199402645
400,14.134064265870194
500,17.417580332337735
600,20.701096398805284
700,23.984612465272832
800,27.26812853174038
900,30.55164459820793
1000,33.83516066467547
1100,37.118676731143026
1200,40.402192797610574
1300,43.68570886407812
1400,46.969224930545664
1500,50.25274099701321
1600,53.53625706348083
1700,56.81977312994832
1800,60.103289196415915
1900,63.386805262883456
2000,66.670321329351
2100,69.95383739581854
2200,73.23735346228608
2300,76.52086952875368
2400,79.80438559522116
2500,83.08790166168876
2600,86.37141772815625
2700,89.65493379462379
2800,92.93844986109139
2900,96.22196592755893
3000,99.50548199402647
3100,102.78899806049395
3200,106.07251412696155
3300,109.35603019342915
3400,112.63954625989663
3500,115.92306232636423
3600,119.20657839283172
3700,122.49009445929926
3800,125.77361052576686
3900,129.0571265922344
4000,132.34064265870194
4100,135.62415872516948
4200,138.90767479163702
4300,142.19119085810456
4400,145.4747069245721
4500,148.7582229910397
4600,152.0417390575072
4700,155.32525512397473
4800,158.60877119044233
4900,161.89228725690987
5000,165.17580332337735
